wall_time_s,sim_time_s,x_m,y_m,yaw_rad,cmd_in_v_mps,cmd_in_w_radps,cmd_out_v_mps,cmd_out_w_radps,status,min_scan_m,collision
0.173347,1.700000,0.175065,-0.000138,0.000035,0.350000,0.000059,0.350000,0.000059,0,2.646173,0
0.254687,1.800000,0.210073,-0.000185,0.000057,0.350000,0.000075,0.350000,0.000075,0,2.629019,0
0.337506,1.900000,0.238083,-0.000220,0.000077,0.350000,0.000077,0.350000,0.000075,0,2.594007,0
0.420895,2.000000,0.266090,-0.000235,0.000085,0.350000,0.000075,0.350000,0.000077,0,2.558912,0
0.505584,2.000000,0.294093,-0.000233,0.000092,0.350000,0.000075,0.350000,0.000075,0,2.541079,0
0.586298,2.100000,0.322093,-0.000227,0.000098,0.350000,0.000059,0.350000,0.000059,0,2.506058,0
0.670963,2.200000,0.350091,-0.000222,0.000104,0.350000,0.000039,0.350000,0.000039,0,2.471147,0
0.754646,2.300000,0.385084,-0.000221,0.000112,0.350000,0.000023,0.350000,0.000023,0,2.453985,0
0.839476,2.400000,0.413073,-0.000249,0.000107,0.350000,0.000039,0.350000,0.000023,0,2.418959,0
0.921051,2.500000,0.441067,-0.000252,0.000112,0.350000,0.000048,0.350000,0.000039,0,2.383954,0
1.005713,2.500000,0.469063,-0.000277,0.000115,0.350000,0.000048,0.350000,0.000048,0,2.366107,0
1.089056,2.600000,0.497064,-0.000308,0.000125,0.350000,0.000071,0.350000,0.000071,0,2.331159,0
1.171963,2.700000,0.525071,-0.000345,0.000145,0.350000,0.000079,0.350000,0.000079,0,2.296150,0
1.255016,2.800000,0.560084,-0.000387,0.000172,0.350000,0.000078,0.350000,0.000078,0,2.278996,0
1.338647,2.900000,0.588090,-0.000398,0.000180,0.350000,0.000072,0.350000,0.000078,0,2.243976,0
1.419560,3.000000,0.616092,-0.000392,0.000186,0.350000,0.000055,0.350000,0.000072,0,2.208905,0
1.502552,3.000000,0.644092,-0.000385,0.000193,0.350000,0.000055,0.350000,0.000055,0,2.191095,0
1.585219,3.100000,0.672090,-0.000378,0.000199,0.350000,0.000034,0.350000,0.000034,0,2.156073,0
1.670623,3.200000,0.700082,-0.000388,0.000201,0.350000,0.000017,0.350000,0.000017,0,2.121089,0
1.756087,3.300000,0.735073,-0.000385,0.000205,0.350000,0.000022,0.350000,0.000022,0,2.103854,0
1.838428,3.400000,0.763067,-0.000388,0.000209,0.350000,0.000014,0.350000,0.000022,0,2.068973,0
1.919044,3.500000,0.791066,-0.000390,0.000212,0.350000,0.000013,0.350000,0.000014,0,2.033886,0
2.005060,3.500000,0.819070,-0.000396,0.000212,0.350000,0.000013,0.350000,0.000013,0,2.016151,0
2.088537,3.600000,0.847079,-0.000432,0.000230,0.350000,0.000019,0.350000,0.000019,0,1.981130,0
2.171316,3.700000,0.875088,-0.000457,0.000243,0.350000,0.000024,0.350000,0.000024,0,1.946077,0
2.255987,3.800000,0.910095,-0.000454,0.000244,0.350000,0.000019,0.350000,0.000019,0,1.928975,0
2.339142,3.900000,0.938098,-0.000451,0.000245,0.350000,0.000016,0.350000,0.000019,0,1.893965,0
2.421589,4.000000,0.966098,-0.000441,0.000247,0.350000,0.000001,0.350000,0.000016,0,1.858940,0
2.505353,4.000000,0.994094,-0.000435,0.000250,0.350000,0.000001,0.350000,0.000001,0,1.841024,0
2.586991,4.100000,1.022088,-0.000437,0.000252,0.350000,-0.000009,0.350000,-0.000009,0,1.806384,0
2.670229,4.200000,1.050081,-0.000438,0.000253,0.350000,-0.000011,0.350000,-0.000011,0,1.771053,0
2.756276,4.300000,1.085075,-0.000437,0.000254,0.350000,-0.000012,0.350000,-0.000012,0,1.753915,0
2.838903,4.400000,1.113074,-0.000441,0.000254,0.350000,-0.000010,0.350000,-0.000012,0,1.718962,0
2.922813,4.500000,1.141080,-0.000465,0.000264,0.350000,-0.000004,0.350000,-0.000010,0,1.683958,0
3.006777,4.500000,1.169086,-0.000460,0.000263,0.350000,-0.000004,0.350000,-0.000004,0,1.666097,0
3.090089,4.600000,1.197093,-0.000457,0.000262,0.350000,-0.000006,0.350000,-0.000006,0,1.631026,0
3.173814,4.700000,1.225097,-0.000458,0.000262,0.350000,-0.000005,0.350000,-0.000005,0,1.596036,0
3.257889,4.800000,1.260099,-0.000447,0.000262,0.350000,-0.000012,0.350000,-0.000012,0,1.578888,0
3.340444,4.900000,1.288096,-0.000435,0.000262,0.350000,-0.000026,0.350000,-0.000012,0,1.543880,0
3.423576,5.000000,1.316092,-0.000429,0.000263,0.350000,-0.000034,0.350000,-0.000026,0,1.508956,0
3.507537,5.000000,1.344083,-0.000437,0.000259,0.350000,-0.000034,0.350000,-0.000034,0,1.491082,0
3.590227,5.100000,1.372077,-0.000435,0.000258,0.350000,-0.000020,0.350000,-0.000020,0,1.456092,0
3.672758,5.200000,1.400072,-0.000440,0.000256,0.350000,-0.000021,0.350000,-0.000021,0,1.421088,0
3.757196,5.300000,1.435071,-0.000474,0.000257,0.350000,0.000007,0.350000,0.000007,0,1.403970,0
3.840812,5.400000,1.463077,-0.000506,0.000272,0.350000,0.000020,0.350000,0.000007,0,1.368961,0
3.921850,5.500000,1.491087,-0.000535,0.000288,0.350000,0.000021,0.350000,0.000020,0,1.333952,0
4.006595,5.500000,1.519093,-0.000532,0.000288,0.350000,0.000021,0.350000,0.000021,0,1.316081,0
4.090906,5.600000,1.547097,-0.000525,0.000290,0.350000,0.000015,0.350000,-0.125000,1,1.281424,0
4.173553,5.700000,1.575222,-0.000678,-0.013894,0.350000,0.001383,0.350000,-0.250000,1,1.245888,0
4.258439,5.800000,1.610241,-0.001608,-0.038319,0.350000,0.008678,0.350000,-0.250000,1,1.228748,0
4.340836,5.900000,1.637924,-0.002997,-0.058607,0.350000,0.016328,0.350000,-0.250000,1,1.194328,0
4.423507,6.000000,1.665757,-0.004932,-0.078463,0.350000,0.024057,0.350000,-0.250000,1,1.160012,0
4.507624,6.000000,1.693328,-0.007411,-0.099007,0.350000,0.024057,0.350000,-0.250000,1,1.142549,0
4.589991,6.100000,1.720839,-0.010448,-0.119438,0.350000,0.032066,0.350000,-0.250000,1,1.108961,0
4.671348,6.200000,1.748283,-0.014041,-0.139959,0.350000,0.040188,0.350000,-0.250000,1,1.075500,0
4.756955,6.300000,1.782528,-0.019332,-0.165662,0.350000,0.048400,0.350000,-0.250000,1,1.059204,0
4.841747,6.400000,1.809842,-0.024208,-0.186214,0.350000,0.056724,0.350000,-0.250000,1,1.026028,0
4.923912,6.500000,1.837007,-0.029645,-0.206714,0.350000,0.065127,0.350000,-0.250000,1,0.993370,0
5.007615,6.500000,1.864048,-0.035641,-0.227223,0.350000,0.065127,0.350000,-0.250000,1,0.976878,0
5.092224,6.600000,1.890952,-0.042190,-0.247717,0.350000,0.073613,0.349843,-0.250000,1,0.945436,0
5.175162,6.700000,1.917837,-0.049294,-0.267457,0.350000,0.082029,0.349008,-0.250000,1,0.913818,0
5.258942,6.800000,1.951126,-0.058874,-0.292062,0.350000,0.090453,0.345993,-0.250000,1,0.898526,0
5.341411,6.900000,1.977593,-0.067127,-0.311914,0.350000,0.098866,0.346260,-0.250000,1,0.868911,0
5.424669,7.000000,2.003664,-0.075852,-0.332340,0.350000,0.107667,0.343063,-0.250000,1,0.840434,0
5.505845,7.000000,2.029422,-0.085050,-0.352612,0.350000,0.107667,0.341584,-0.250000,1,0.825407,0
5.588710,7.100000,2.054873,-0.094737,-0.373380,0.350000,0.116544,0.340256,-0.250000,1,0.798709,0
5.671953,7.200000,2.079828,-0.104845,-0.393940,0.350000,0.125571,0.339678,-0.250000,1,0.772577,0
5.756818,7.300000,2.110602,-0.118134,-0.419621,0.350000,0.134645,0.338173,-0.229167,1,0.761632,0
5.839720,7.400000,2.134889,-0.129267,-0.438491,0.350000,0.143416,0.336284,-0.229167,1,0.737483,0
5.924760,7.500000,2.158852,-0.140805,-0.457242,0.350000,0.151957,0.335903,-0.229167,1,0.714298,0
6.006317,7.500000,2.182524,-0.152745,-0.475974,0.350000,0.151957,0.333680,-0.229167,1,0.704416,0
6.091813,7.600000,2.205875,-0.165079,-0.494703,0.350000,0.160555,0.333415,-0.229167,1,0.686899,0
6.174772,7.700000,2.228953,-0.177838,-0.513435,0.350000,0.169218,0.331217,-0.229167,1,0.665899,0
6.259630,7.800000,2.257424,-0.194375,-0.536636,0.350000,0.177948,0.330012,-0.229167,1,0.658450,0
6.342238,7.900000,2.279965,-0.208164,-0.554846,0.350000,0.186583,0.329339,-0.229167,1,0.643410,0
6.426275,8.000000,2.302253,-0.222337,-0.573264,0.350000,0.195000,0.328134,-0.229167,1,0.630312,0
6.509763,8.000000,2.324156,-0.236775,-0.591116,0.350000,0.195000,0.326775,-0.229167,1,0.624090,0
6.592463,8.100000,2.345684,-0.251540,-0.609294,0.350000,0.195000,0.326404,-0.229167,1,0.618494,0
6.672492,8.200000,2.366742,-0.266562,-0.627816,0.350000,0.195000,0.326421,-0.229167,1,0.611445,0
6.759279,8.300000,2.392591,-0.285823,-0.651290,0.350000,0.195000,0.324947,-0.109875,1,0.607720,0
6.842108,8.400000,2.413361,-0.301860,-0.659199,0.350000,0.195000,0.324206,0.000000,1,0.603218,0
6.925490,8.500000,2.433821,-0.317760,-0.659205,0.350000,0.195000,0.323330,0.020833,1,0.596396,0
7.009418,8.500000,2.454233,-0.333595,-0.657559,0.350000,0.195000,0.321432,0.041667,1,0.594870,0
7.093153,8.600000,2.474610,-0.349335,-0.654262,0.350000,0.195000,0.320342,0.062500,1,0.588491,0
7.177058,8.700000,2.500103,-0.368833,-0.647823,0.350000,0.195000,0.319312,0.062500,1,0.582990,0
7.259752,8.800000,2.520460,-0.384174,-0.641960,0.350000,0.195000,0.317617,0.104167,1,0.583428,0
7.343785,8.900000,2.540832,-0.399302,-0.633608,0.350000,0.195000,0.317235,0.104167,1,0.579614,0
7.425282,9.000000,2.561218,-0.414149,-0.623908,0.350000,0.195000,0.315545,0.125000,1,0.578611,0
7.505994,9.000000,2.581673,-0.428722,-0.612943,0.350000,0.195000,0.315289,0.145833,1,0.579023,0
7.589978,9.100000,2.602259,-0.443030,-0.601160,0.350000,0.195000,0.314804,0.145833,1,0.577456,0
7.673344,9.200000,2.622923,-0.457025,-0.588793,0.350000,0.195000,0.313130,0.166667,1,0.575797,0
7.757875,9.300000,2.648893,-0.474063,-0.572282,0.350000,0.195000,0.312904,0.166667,1,0.576613,0
7.840461,9.400000,2.669887,-0.487447,-0.558970,0.350000,0.195000,0.312811,0.166667,1,0.578861,0
7.923960,9.500000,2.691249,-0.500655,-0.545496,0.350000,0.195000,0.312744,0.166667,1,0.582322,0
8.006312,9.500000,2.712721,-0.513516,-0.531948,0.350000,0.195000,0.312748,0.166667,1,0.584277,0
8.090759,9.600000,2.734415,-0.526124,-0.518861,0.350000,0.195000,0.312777,0.166667,1,0.589168,0
8.174860,9.700000,2.756237,-0.538419,-0.505839,0.350000,0.195000,0.312940,0.166667,1,0.595006,0
8.257589,9.800000,2.783713,-0.553374,-0.489598,0.350000,0.195000,0.313200,0.166667,1,0.598328,0
8.341060,9.900000,2.805815,-0.564977,-0.476618,0.350000,0.195000,0.313337,0.166667,1,0.605512,0
8.424760,10.000000,2.828060,-0.576294,-0.463605,0.350000,0.195000,0.313652,0.166667,1,0.613801,0
8.507375,10.000000,2.850419,-0.587294,-0.450591,0.350000,0.195000,0.314026,0.166667,1,0.618460,0
8.591093,10.100000,2.872961,-0.598025,-0.437497,0.350000,0.195000,0.314216,0.166667,1,0.628002,0
8.674026,10.200000,2.895653,-0.608465,-0.424059,0.350000,0.192580,0.314706,0.166667,1,0.637352,0
8.757746,10.300000,2.924304,-0.621122,-0.407102,0.350000,0.188859,0.316207,0.166667,1,0.641722,0
8.841215,10.400000,2.947691,-0.631066,-0.393381,0.350000,0.185045,0.316453,0.166667,1,0.650230,0
8.925087,10.500000,2.971194,-0.640666,-0.379813,0.350000,0.181214,0.317034,0.166667,1,0.658391,0
9.008587,10.500000,2.994861,-0.649959,-0.366310,0.350000,0.181214,0.318508,0.166667,1,0.662324,0
9.092733,10.600000,3.018691,-0.658945,-0.352903,0.350000,0.177357,0.318819,0.166667,1,0.669723,0
9.174964,10.700000,3.042637,-0.667599,-0.339817,0.350000,0.173560,0.320307,0.166667,1,0.676737,0
9.259070,10.800000,3.072853,-0.678020,-0.323971,0.350000,0.169899,0.321068,0.166667,1,0.680131,0
9.343977,10.900000,3.097208,-0.686037,-0.311067,0.350000,0.166125,0.322119,0.166667,1,0.686352,0
9.426593,11.000000,3.121711,-0.693744,-0.298151,0.350000,0.162288,0.322986,0.166667,1,0.692232,0
9.507462,11.000000,3.146424,-0.701179,-0.285196,0.350000,0.162288,0.324472,0.166667,1,0.695014,0
9.592067,11.100000,3.171474,-0.708386,-0.272140,0.350000,0.158391,0.325397,0.145833,1,0.700103,0
9.676646,11.200000,3.196617,-0.715277,-0.260296,0.350000,0.154624,0.326820,0.145833,1,0.705168,0
9.760913,11.300000,3.228274,-0.723488,-0.245365,0.350000,0.151026,0.328259,0.145833,1,0.707468,0
9.845065,11.400000,3.253764,-0.729728,-0.233211,0.350000,0.147340,0.328878,0.145833,1,0.711763,0
9.927574,11.500000,3.279347,-0.735653,-0.221155,0.350000,0.143590,0.330405,0.145833,1,0.715499,0
10.010353,11.500000,3.305074,-0.741283,-0.209383,0.350000,0.143590,0.332091,0.145833,1,0.717317,0
10.093736,11.600000,3.330895,-0.746612,-0.197746,0.350000,0.139919,0.332905,0.145833,1,0.720478,0
10.176314,11.700000,3.356891,-0.751663,-0.186160,0.350000,0.136242,0.334417,0.145833,1,0.723233,0
10.262583,11.800000,3.389682,-0.757602,-0.171911,0.350000,0.132581,0.335854,0.125000,1,0.724464,0
10.344959,11.900000,3.416107,-0.762065,-0.162170,0.350000,0.129280,0.336549,0.125000,1,0.726950,0
10.429198,12.000000,3.442744,-0.766315,-0.152322,0.350000,0.126160,0.337780,0.125000,1,0.729265,0
10.511634,12.000000,3.469572,-0.770328,-0.142289,0.350000,0.126160,0.338953,0.125000,1,0.730261,0
10.595467,12.100000,3.496522,-0.774090,-0.132184,0.350000,0.122908,0.339491,0.125000,1,0.732427,0
10.677240,12.200000,3.523465,-0.777562,-0.122062,0.350000,0.119601,0.340526,0.125000,1,0.735774,0
10.758666,12.300000,3.557257,-0.781519,-0.109424,0.350000,0.116261,0.341479,0.125000,1,0.737942,0
10.845230,12.400000,3.584308,-0.784359,-0.099319,0.350000,0.112830,0.341911,0.125000,1,0.741229,0
10.928681,12.500000,3.611426,-0.786926,-0.089277,0.350000,0.109410,0.342680,0.125000,1,0.747164,0
11.012279,12.500000,3.638589,-0.789218,-0.079310,0.350000,0.109410,0.343352,0.125000,1,0.750659,0
11.094979,12.600000,3.665819,-0.791244,-0.069362,0.350000,0.105969,0.343633,0.125000,1,0.758694,0
11.178296,12.700000,3.693122,-0.793004,-0.059447,0.350000,0.102497,0.344145,0.104167,1,0.768220,0
11.260562,12.800000,3.727458,-0.794889,-0.049095,0.350000,0.099379,0.344529,0.104167,1,0.773561,0
11.342797,12.900000,3.755028,-0.796155,-0.040773,0.350000,0.096421,0.344700,0.104167,1,0.785275,0
11.425811,13.000000,3.782594,-0.797187,-0.032614,0.350000,0.093489,0.350000,0.104167,1,0.793138,0
11.509955,13.000000,3.810609,-0.798014,-0.024256,0.350000,0.093489,0.350000,0.104167,1,0.800244,0
11.592324,13.100000,3.838564,-0.798597,-0.015841,0.350000,0.090460,0.350000,0.104167,1,0.815786,0
11.679185,13.200000,3.873443,-0.798979,-0.005637,0.350000,0.087387,0.350000,0.104167,1,0.829734,0
11.762699,13.300000,3.901324,-0.799025,0.002604,0.350000,0.084362,0.350000,0.104167,1,0.834345,0
11.845932,13.400000,3.929198,-0.798838,0.010864,0.350000,0.081248,0.350000,0.104167,1,0.854225,0
11.928290,13.500000,3.957080,-0.798429,0.017948,0.350000,0.078451,0.350000,0.083333,1,0.865870,0
12.012181,13.500000,3.984978,-0.797836,0.024549,0.350000,0.078451,0.350000,0.083333,1,0.877153,0
12.093177,13.600000,4.012873,-0.797060,0.031177,0.350000,0.075893,0.350000,0.083333,1,0.896883,0
12.177399,13.700000,4.040823,-0.796109,0.037890,0.350000,0.073295,0.350000,0.083333,1,0.916210,0
12.262830,13.800000,4.075929,-0.794679,0.046458,0.350000,0.070596,0.350000,0.083333,1,0.925896,0
12.345416,13.900000,4.103982,-0.793318,0.053207,0.350000,0.067857,0.350000,0.083333,1,0.946973,0
12.428787,14.000000,4.131931,-0.791757,0.059737,0.350000,0.065213,0.350000,0.083333,1,0.964084,0
12.512805,14.000000,4.159834,-0.790006,0.066160,0.350000,0.065213,0.350000,0.083333,1,0.979287,0
12.595226,14.100000,4.187724,-0.788078,0.072238,0.350000,0.062569,0.350000,0.062500,1,1.000584,0
12.678561,14.200000,4.215594,-0.785997,0.077099,0.350000,0.060243,0.350000,0.062500,1,1.019813,0
12.760026,14.300000,4.250393,-0.783203,0.083271,0.350000,0.058116,0.350000,0.062500,1,1.032274,0
12.845815,14.400000,4.278224,-0.780813,0.088214,0.350000,0.055957,0.350000,0.062500,1,1.056245,0
12.930242,14.500000,4.306038,-0.778285,0.093186,0.350000,0.053764,0.350000,0.062500,1,1.080181,0
13.012403,14.500000,4.333858,-0.775621,0.098207,0.350000,0.053764,0.350000,0.062500,1,1.085978,0
13.095843,14.600000,4.361798,-0.772836,0.103353,0.350000,0.051521,0.350000,0.062500,1,1.111503,0
13.178322,14.700000,4.389730,-0.769911,0.108506,0.350000,0.049217,0.350000,0.062500,1,1.139021,0
13.261748,14.800000,4.424527,-0.766042,0.114715,0.350000,0.046927,0.350000,0.062500,1,1.150049,0
13.346218,14.900000,4.452317,-0.762780,0.119544,0.350000,0.044675,0.350000,0.062500,1,1.173441,0
13.428664,15.000000,4.480076,-0.759384,0.124351,0.350000,0.042430,0.350000,0.062500,1,1.200061,0
13.512376,15.000000,4.507821,-0.755860,0.128395,0.350000,0.042430,0.350000,0.041667,1,1.214710,0
13.593238,15.100000,4.535556,-0.752242,0.131658,0.350000,0.040512,0.350000,0.041667,1,1.238857,0
13.678334,15.200000,4.563272,-0.748534,0.134957,0.350000,0.038800,0.350000,0.041667,1,1.265239,0
13.762821,15.300000,4.597935,-0.743783,0.139136,0.350000,0.037067,0.350000,0.041667,1,1.281296,0
13.845829,15.400000,4.625641,-0.739869,0.142490,0.350000,0.035297,0.350000,0.041667,1,1.304659,0
13.928747,15.500000,4.653377,-0.735872,0.145905,0.350000,0.033495,0.350000,0.041667,1,1.340965,0
14.012897,15.500000,4.681133,-0.731787,0.149351,0.350000,0.033495,0.350000,0.041667,1,1.346770,0
14.093399,15.600000,4.708852,-0.727602,0.152735,0.350000,0.031665,0.350000,0.041667,1,1.382632,0
14.178239,15.700000,4.736523,-0.723313,0.156019,0.350000,0.029859,0.350000,0.041667,1,1.406002,0
14.263199,15.800000,4.771076,-0.717822,0.160057,0.350000,0.028069,0.350000,0.041667,1,1.423774,0
14.346093,15.900000,4.798689,-0.713323,0.163258,0.350000,0.026280,0.350000,0.041667,1,1.446862,0
14.430549,16.000000,4.826290,-0.708741,0.166481,0.350000,0.024473,0.350000,0.041667,1,1.481952,0
14.512403,16.000000,4.853873,-0.704072,0.169739,0.350000,0.024473,0.350000,0.041667,1,1.488141,0
14.597127,16.100000,4.881446,-0.699319,0.172659,0.350000,0.022637,0.350000,0.020833,1,1.522910,0
14.681280,16.200000,4.915902,-0.693287,0.174741,0.350000,0.021129,0.350000,0.020833,1,1.547672,0
14.844497,16.400000,4.971094,-0.683529,0.178193,0.350000,0.018572,0.350000,0.020833,1,1.590252,0
14.926905,16.500000,4.998685,-0.678581,0.179932,0.350000,0.017271,0.350000,0.020833,1,1.625717,0
15.010036,16.500000,5.026241,-0.673567,0.181605,0.350000,0.017271,0.350000,0.020833,1,1.643482,0
15.095927,16.600000,5.053771,-0.668499,0.183236,0.350000,0.015987,0.350000,0.020833,1,1.668164,0
15.179207,16.700000,5.081293,-0.663385,0.184852,0.350000,0.014710,0.350000,0.020833,1,1.703323,0
15.264043,16.800000,5.115676,-0.656928,0.186865,0.350000,0.013431,0.350000,0.020833,1,1.710290,0
15.346196,16.900000,5.143172,-0.651717,0.188487,0.350000,0.012144,0.350000,0.020833,1,1.745250,0
15.429452,17.000000,5.170663,-0.646464,0.190111,0.350000,0.010846,0.350000,0.020833,1,1.774208,0
15.514261,17.000000,5.198167,-0.641187,0.191793,0.350000,0.010846,0.350000,0.020833,1,1.787915,0
15.678167,17.200000,5.253141,-0.630472,0.195182,0.350000,0.008186,0.350000,0.020833,1,1.850111,0
15.763715,17.300000,5.287514,-0.623693,0.197353,0.350000,0.006828,0.350000,0.020833,1,1.864915,0
15.846869,17.400000,5.314984,-0.618204,0.199056,0.350000,0.005465,0.350000,0.020833,1,1.899016,0
15.930212,17.500000,5.342421,-0.612658,0.200721,0.350000,0.004113,0.350000,0.020833,1,1.933476,0
16.014008,17.500000,5.369847,-0.607063,0.202346,0.350000,0.004113,0.350000,0.020833,1,1.941864,0
16.094165,17.600000,5.397263,-0.601424,0.203964,0.350000,0.002770,0.350000,0.020833,1,1.976131,0
16.178502,17.700000,5.424671,-0.595742,0.205571,0.350000,0.001421,0.350000,0.000000,1,2.010400,0
16.264393,17.800000,5.458932,-0.588598,0.205588,0.350000,0.000424,0.350000,0.000000,1,2.024592,0
16.346191,17.900000,5.486343,-0.582916,0.205564,0.350000,-0.000315,0.350000,0.000000,1,2.054297,0
16.428412,18.000000,5.513754,-0.577210,0.205555,0.350000,-0.001059,0.350000,0.000000,1,2.089498,0
16.512888,18.000000,5.541168,-0.571539,0.205552,0.350000,-0.001059,0.350000,0.000000,1,2.102628,0
16.595836,18.100000,5.568586,-0.565864,0.205569,0.350000,-0.001804,0.350000,0.000000,1,2.134148,0
16.680883,18.200000,5.596008,-0.560191,0.205598,0.350000,-0.002557,0.350000,0.000000,1,2.169213,0
16.762136,18.300000,5.630282,-0.553082,0.205633,0.350000,-0.003313,0.350000,0.000000,1,2.186739,0
16.847175,18.400000,5.657693,-0.547369,0.205645,0.350000,-0.004069,0.350000,0.000000,1,2.213383,0
16.931094,18.500000,5.685106,-0.541655,0.205647,0.350000,-0.004820,0.350000,0.000000,1,2.248281,0
17.011566,18.500000,5.712519,-0.535945,0.205638,0.350000,-0.004820,0.350000,0.000000,1,2.266104,0
17.096720,18.600000,5.739932,-0.530234,0.205622,0.350000,-0.005566,0.350000,0.000000,1,2.293428,0
17.178451,18.700000,5.767343,-0.524530,0.205603,0.350000,-0.006308,0.350000,0.000000,1,2.328339,0
17.265283,18.800000,5.801609,-0.517390,0.205346,0.350000,0.139274,0.350000,0.118599,0,2.345651,0
17.346458,18.900000,5.828542,-0.511688,0.214949,0.350000,0.122236,0.350000,0.139274,0,2.376497,0
17.432650,19.000000,5.855942,-0.505597,0.225061,0.350000,0.094940,0.350000,0.122236,0,2.405655,0
17.515677,19.000000,5.883295,-0.499243,0.233984,0.350000,0.094940,0.350000,0.094940,0,2.420401,0
17.596122,19.100000,5.910506,-0.492665,0.241278,0.350000,0.070423,0.350000,0.070423,0,2.457470,0
17.679450,19.200000,5.937667,-0.485920,0.246930,0.350000,0.049752,0.350000,0.049752,0,2.488624,0
17.763128,19.300000,5.971561,-0.477300,0.251977,0.350000,0.032699,0.350000,0.032699,0,2.504649,0
17.848495,19.400000,5.998644,-0.470295,0.254566,0.350000,0.018551,0.350000,0.032699,0,2.537213,0
17.928677,19.500000,6.025727,-0.463235,0.256317,0.350000,0.006805,0.350000,0.018551,0,2.564152,0
18.013727,19.500000,6.052804,-0.456131,0.257323,0.350000,0.006805,0.350000,0.006805,0,2.580851,0
18.096747,19.600000,6.079887,-0.449034,0.257677,0.350000,-0.003008,0.350000,-0.003008,0,2.614769,0
18.179674,19.700000,6.106967,-0.441922,0.257417,0.350000,-0.011157,0.350000,-0.011157,0,2.649117,0
18.263347,19.800000,6.140830,-0.433051,0.256323,0.350000,-0.017888,0.350000,-0.017888,0,2.666382,0
18.345208,19.900000,6.167913,-0.426019,0.254892,0.350000,-0.023412,0.350000,-0.017888,0,2.695375,0
18.427943,20.000000,6.195005,-0.419032,0.253132,0.350000,-0.027882,0.350000,-0.023412,0,2.730247,0
18.512314,20.000000,6.222114,-0.412077,0.251131,0.350000,-0.027882,0.350000,-0.027882,0,2.747756,0
18.595162,20.100000,6.249262,-0.405151,0.248908,0.350000,-0.031646,0.350000,-0.031646,0,2.777603,0
18.681615,20.200000,6.276424,-0.398287,0.246457,0.350000,-0.034766,0.350000,-0.034766,0,2.812813,0
18.766277,20.300000,6.310405,-0.389808,0.243062,0.350000,-0.037206,0.350000,-0.037206,0,2.830154,0
18.846860,20.400000,6.337619,-0.383115,0.240066,0.350000,-0.038993,0.350000,-0.037206,0,2.861061,0
18.930814,20.500000,6.364833,-0.376518,0.236960,0.350000,-0.040270,0.350000,-0.038993,0,2.896076,0
19.015930,20.500000,6.392034,-0.370045,0.233689,0.350000,-0.040270,0.350000,-0.040270,0,2.914192,0
19.096889,20.600000,6.419259,-0.363650,0.230374,0.350000,-0.040968,0.350000,-0.040968,0,2.945033,0
19.178872,20.700000,6.446485,-0.357356,0.226998,0.350000,-0.041450,0.350000,-0.041450,0,2.980517,0
19.263237,20.800000,6.480550,-0.349615,0.222762,0.350000,-0.041700,0.350000,-0.041700,0,2.998305,0
19.346384,20.900000,6.507829,-0.343528,0.219369,0.350000,-0.041810,0.350000,-0.041700,0,3.029380,0
19.428962,21.000000,6.535132,-0.337532,0.215996,0.350000,-0.041815,0.350000,-0.041810,0,3.053751,0
19.515486,21.000000,6.562504,-0.331582,0.212759,0.350000,-0.041815,0.350000,-0.041815,0,3.036552,0
19.597176,21.100000,6.589907,-0.325714,0.209489,0.350000,-0.042036,0.350000,-0.042036,0,3.002958,0
19.678684,21.200000,6.617345,-0.319932,0.206147,0.350000,-0.041969,0.350000,-0.041969,0,2.969343,0
19.763760,21.300000,6.651664,-0.312838,0.201938,0.350000,-0.041730,0.350000,-0.041730,0,2.952872,0
19.849350,21.400000,6.679112,-0.307295,0.198564,0.350000,-0.041252,0.350000,-0.041730,0,2.919351,0
19.933335,21.500000,6.706537,-0.301872,0.195158,0.350000,-0.040568,0.350000,-0.041252,0,2.885768,0
20.016926,21.500000,6.733977,-0.296538,0.191809,0.350000,-0.040568,0.350000,-0.040568,0,2.868717,0
20.099132,21.600000,6.761424,-0.291297,0.188481,0.350000,-0.039857,0.350000,-0.039857,0,2.835240,0
20.180672,21.700000,6.788892,-0.286143,0.185221,0.350000,-0.039120,0.350000,-0.039120,0,2.801708,0
20.265967,21.800000,6.823255,-0.279826,0.181240,0.350000,-0.038424,0.350000,-0.038424,0,2.785268,0
20.350006,21.900000,6.850770,-0.274871,0.178125,0.350000,-0.037740,0.350000,-0.038424,0,2.751691,0
20.433780,22.000000,6.878355,-0.269951,0.175179,0.350000,-0.037330,0.350000,-0.037740,0,2.717957,0
20.517008,22.000000,6.905963,-0.265107,0.172237,0.350000,-0.037330,0.350000,-0.037330,0,2.701105,0
20.599382,22.100000,6.933598,-0.260341,0.169275,0.350000,-0.036875,0.350000,-0.036875,0,2.666868,0
20.682394,22.200000,6.961248,-0.255656,0.166326,0.350000,-0.036298,0.350000,-0.036298,0,2.633536,0
20.764471,22.300000,6.995792,-0.249949,0.162616,0.350000,-0.035548,0.350000,-0.035548,0,2.616639,0
20.846272,22.400000,7.023426,-0.245484,0.159726,0.350000,-0.034813,0.350000,-0.035548,0,2.582899,0
20.931265,22.500000,7.051030,-0.241127,0.156826,0.350000,-0.033907,0.350000,-0.034813,0,2.549188,0
21.014093,22.500000,7.078648,-0.236841,0.153996,0.350000,-0.033907,0.350000,-0.033907,0,2.531969,0
21.097545,22.600000,7.106282,-0.232628,0.151239,0.350000,-0.033080,0.350000,-0.033080,0,2.498169,0
21.183140,22.700000,7.133934,-0.228490,0.148550,0.350000,-0.032336,0.350000,-0.032336,0,2.464304,0
21.267658,22.800000,7.168520,-0.223427,0.145267,0.350000,-0.031633,0.350000,-0.031633,0,2.447696,0
21.350607,22.900000,7.196238,-0.219418,0.142796,0.350000,-0.031089,0.350000,-0.031633,0,2.413652,0
21.434744,23.000000,7.223987,-0.215468,0.140329,0.350000,-0.030606,0.350000,-0.031089,0,2.379593,0
21.517756,23.000000,7.251753,-0.211581,0.137859,0.350000,-0.030606,0.350000,-0.030606,0,2.362190,0
21.600763,23.100000,7.279526,-0.207765,0.135428,0.350000,-0.030040,0.350000,-0.030040,0,2.328425,0
21.681147,23.200000,7.307290,-0.204033,0.133004,0.350000,-0.029437,0.350000,-0.029437,0,2.293819,0
21.764691,23.300000,7.341986,-0.199475,0.130030,0.350000,-0.028819,0.350000,-0.028819,0,2.277221,0
21.850862,23.400000,7.369726,-0.195916,0.127682,0.350000,-0.028069,0.350000,-0.028819,0,2.243093,0
21.933743,23.500000,7.397479,-0.192421,0.125380,0.350000,-0.027429,0.350000,-0.028069,0,2.208897,0
22.017630,23.500000,7.425229,-0.188992,0.123113,0.350000,-0.027429,0.350000,-0.027429,0,2.191791,0
22.100771,23.600000,7.452993,-0.185625,0.120898,0.350000,-0.026759,0.350000,-0.026759,0,2.157186,0
22.265070,23.800000,7.515531,-0.178249,0.116137,0.350000,-0.025566,0.350000,-0.025566,0,2.105995,0
22.350836,23.900000,7.543379,-0.175028,0.114102,0.350000,-0.025132,0.350000,-0.025566,0,2.071467,0
22.434343,24.000000,7.571231,-0.171866,0.112087,0.350000,-0.024660,0.350000,-0.025132,0,2.036990,0
22.517418,24.000000,7.599090,-0.168757,0.110093,0.350000,-0.024660,0.350000,-0.024660,0,2.020907,0
22.600910,24.100000,7.626952,-0.165704,0.108129,0.350000,-0.024171,0.350000,-0.024171,0,1.991872,0
22.683735,24.200000,7.654795,-0.162729,0.106168,0.350000,-0.023624,0.350000,-0.023624,0,1.957197,0
22.764905,24.300000,7.689588,-0.159102,0.103756,0.350000,-0.023091,0.350000,-0.023091,0,1.939897,0
22.848295,24.400000,7.717407,-0.156270,0.101857,0.350000,-0.022452,0.350000,-0.023091,0,1.905337,0
22.931709,24.500000,7.745236,-0.153486,0.100013,0.350000,-0.021882,0.350000,-0.022452,0,1.870655,0
23.016767,24.500000,7.773077,-0.150756,0.098215,0.350000,-0.021882,0.350000,-0.021882,0,1.853294,0
23.101662,24.600000,7.800929,-0.148079,0.096452,0.350000,-0.021362,0.350000,-0.021362,0,1.818165,0
23.184277,24.700000,7.828806,-0.145423,0.094776,0.350000,-0.020905,0.350000,-0.020905,0,1.790308,0
23.269145,24.800000,7.863682,-0.142153,0.092687,0.350000,-0.020532,0.350000,-0.020532,0,1.773052,0
23.351191,24.900000,7.891590,-0.139582,0.091048,0.350000,-0.020134,0.350000,-0.020532,0,1.738070,0
23.433775,25.000000,7.919500,-0.137057,0.089431,0.350000,-0.019739,0.350000,-0.020134,0,1.702989,0
23.515252,25.000000,7.947411,-0.134576,0.087836,0.350000,-0.019739,0.350000,-0.019739,0,1.685041,0
23.599642,25.100000,7.975293,-0.132179,0.086218,0.350000,-0.019339,0.350000,-0.019339,0,1.654780,0
23.684293,25.200000,8.003196,-0.129795,0.084687,0.350000,-0.018842,0.350000,-0.018842,0,1.622039,0
23.765266,25.300000,8.038060,-0.126897,0.082793,0.350000,-0.018450,0.350000,-0.018450,0,1.604249,0
23.851167,25.400000,8.065953,-0.124631,0.081313,0.350000,-0.018027,0.350000,-0.018450,0,1.569429,0
23.934697,25.500000,8.093846,-0.122416,0.079845,0.350000,-0.017578,0.350000,-0.018027,0,1.538002,0
24.018569,25.500000,8.121750,-0.120241,0.078416,0.350000,-0.017578,0.350000,-0.017578,0,1.523405,0
24.102253,25.600000,8.149677,-0.118081,0.077036,0.350000,-0.017173,0.350000,-0.017173,0,1.488142,0
24.186237,25.700000,8.184604,-0.115416,0.075335,0.350000,-0.016857,0.350000,-0.016857,0,1.452104,0
24.268166,25.800000,8.212548,-0.113325,0.073990,0.350000,-0.016531,0.350000,-0.016531,0,1.442213,0
24.351766,25.900000,8.240487,-0.111283,0.072661,0.350000,-0.016172,0.350000,-0.016531,0,1.406255,0
24.434767,26.000000,8.268429,-0.109268,0.071363,0.350000,-0.015840,0.350000,-0.016172,0,1.370326,0
24.518541,26.000000,8.296364,-0.107302,0.070071,0.350000,-0.015840,0.344886,0.000000,1,1.359815,0
24.601672,26.100000,8.323838,-0.105378,0.070035,0.350000,-0.009794,0.340977,0.000000,1,1.323497,0
24.685584,26.200000,8.350798,-0.103491,0.070043,0.350000,-0.010046,0.332881,0.000000,1,1.295866,0
24.768961,26.300000,8.383805,-0.101196,0.070057,0.350000,-0.010294,0.325001,0.000000,1,1.278572,0
24.852240,26.400000,8.409642,-0.099422,0.070106,0.350000,-0.010544,0.321300,0.000000,1,1.248132,0
25.019243,26.500000,8.460009,-0.095937,0.070141,0.350000,-0.010787,0.307724,0.000000,1,1.200970,0
25.102919,26.600000,8.484536,-0.094225,0.070127,0.350000,-0.011012,0.304952,0.000000,1,1.176371,0
25.186571,26.700000,8.514671,-0.092113,0.070114,0.350000,-0.011232,0.299151,0.000000,1,1.151731,0
25.268711,26.800000,8.538399,-0.090451,0.070101,0.350000,-0.011447,0.293647,0.000000,1,1.135594,0
25.352805,26.900000,8.561771,-0.088811,0.070088,0.350000,-0.011659,0.291784,0.000000,1,1.112349,0
25.434996,27.000000,8.585171,-0.087168,0.070083,0.350000,-0.011872,0.294344,0.000000,1,1.080472,0
25.519098,27.000000,8.608676,-0.085559,0.070065,0.350000,-0.011872,0.295670,0.000000,1,1.072472,0
25.602470,27.100000,8.632271,-0.083936,0.070052,0.350000,-0.012075,0.296301,0.000000,1,1.042435,0
25.685414,27.200000,8.655999,-0.082310,0.070042,0.350000,-0.012285,0.298473,0.000000,1,1.016138,0
25.766580,27.300000,8.685796,-0.080263,0.070049,0.350000,-0.012499,0.299466,0.000000,1,1.008222,0
25.852294,27.400000,8.709713,-0.078622,0.070064,0.350000,-0.012719,0.299929,0.000000,1,0.980228,0
25.935623,27.500000,8.733742,-0.076977,0.070080,0.350000,-0.012942,0.301734,0.000000,1,0.951717,0
26.018886,27.500000,8.757845,-0.075315,0.070095,0.350000,-0.012942,0.302450,0.000000,1,0.941135,0
26.103815,27.600000,8.782007,-0.073623,0.070097,0.350000,-0.013165,0.303701,0.000000,1,0.915578,0
26.185807,27.700000,8.806265,-0.071922,0.070091,0.350000,-0.013387,0.304245,0.000000,1,0.889737,0
26.268537,27.800000,8.836633,-0.069796,0.070083,0.350000,-0.013609,0.305595,0.000000,1,0.878363,0
26.351537,27.900000,8.861025,-0.068082,0.070078,0.350000,-0.013830,0.305787,0.000000,1,0.855283,0
26.436431,28.000000,8.885439,-0.066366,0.070071,0.350000,-0.014053,0.306131,0.000000,1,0.828519,0
26.520180,28.000000,8.909900,-0.064658,0.070065,0.350000,-0.014053,0.307217,0.000000,1,0.817379,0
26.604635,28.100000,8.934413,-0.062952,0.070063,0.350000,-0.014275,0.308185,0.000000,1,0.791907,0
26.686223,28.200000,8.958979,-0.061257,0.070057,0.350000,-0.014494,0.308268,0.000000,1,0.765648,0
26.771260,28.300000,8.989728,-0.059103,0.070070,0.350000,-0.014723,0.309088,0.000000,1,0.755018,0
26.853459,28.400000,9.014393,-0.057391,0.070086,0.350000,-0.014954,0.309097,0.000000,1,0.736406,0
27.019030,28.500000,9.063808,-0.053967,0.070114,0.350000,-0.015183,0.310394,0.000000,1,0.697128,0
27.102345,28.600000,9.088582,-0.052233,0.070115,0.350000,-0.015414,0.310347,0.000000,1,0.676435,0
27.185198,28.700000,9.113351,-0.050498,0.070110,0.350000,-0.015640,0.310848,0.000000,1,0.655966,0
27.269953,28.800000,9.144358,-0.048326,0.070101,0.350000,-0.015866,0.311280,0.000000,1,0.645931,0
27.354171,28.900000,9.169195,-0.046582,0.070097,0.350000,-0.016093,0.311177,0.000000,1,0.626949,0
27.437410,29.000000,9.194050,-0.044836,0.070091,0.350000,-0.016320,0.311505,0.000000,1,0.611382,0
27.520223,29.000000,9.218921,-0.043088,0.070085,0.350000,-0.016320,0.311778,0.000000,1,0.602554,0
27.603248,29.100000,9.243804,-0.041347,0.070083,0.350000,-0.016547,0.312146,0.000000,1,0.583579,0
27.688016,29.200000,9.274927,-0.039173,0.069737,0.350000,-0.016776,0.312327,-0.020833,1,0.567269,0
27.854767,29.400000,9.324794,-0.035845,0.066331,0.350000,-0.016220,0.313662,-0.020833,1,0.544871,0
27.937761,29.500000,9.349803,-0.034242,0.064641,0.350000,-0.015797,0.313688,-0.020833,1,0.533807,0
28.020369,29.500000,9.374846,-0.032686,0.062951,0.350000,-0.015797,0.314452,-0.020833,1,0.528108,0
28.105321,29.600000,9.399967,-0.031139,0.061298,0.350000,-0.015366,0.315071,-0.020833,1,0.517861,0
28.188124,29.700000,9.431449,-0.029241,0.059224,0.350000,-0.014951,0.315329,-0.020833,1,0.509529,0
28.352641,29.900000,9.481886,-0.026338,0.055905,0.350000,-0.014094,0.315728,-0.020833,1,0.499223,0
28.435484,30.000000,9.507143,-0.024943,0.054240,0.350000,-0.013653,0.316090,-0.020833,1,0.493875,0
28.519840,30.000000,9.532419,-0.023593,0.052577,0.350000,-0.013653,0.316591,-0.020833,1,0.492196,0
28.603976,30.100000,9.557726,-0.022290,0.050909,0.350000,-0.013205,0.316698,-0.020833,1,0.491092,0
28.686401,30.200000,9.583006,-0.021062,0.049190,0.350000,-0.012740,0.316794,-0.020833,1,0.491337,0
28.771102,30.300000,9.614600,-0.019585,0.047052,0.350000,-0.012254,0.316487,-0.020833,1,0.491813,0
28.854447,30.400000,9.639865,-0.018450,0.045354,0.350000,-0.011767,0.316332,-0.020833,1,0.492721,0
28.934666,30.500000,9.665128,-0.017362,0.043665,0.350000,-0.011276,0.316210,-0.020833,1,0.493564,0
29.019086,30.500000,9.690382,-0.016323,0.041977,0.350000,-0.011276,0.316093,-0.020833,1,0.493950,0
29.104892,30.600000,9.715660,-0.015292,0.040327,0.350000,-0.010779,0.315900,-0.020833,1,0.494735,0
29.186466,30.700000,9.740936,-0.014301,0.038666,0.350000,-0.010297,0.315916,-0.020833,1,0.495454,0
29.272053,30.800000,9.772534,-0.013113,0.036591,0.350000,-0.009800,0.315853,-0.020833,1,0.495786,0
29.353796,30.900000,9.797809,-0.012206,0.034930,0.350000,-0.009298,0.315774,-0.020833,1,0.496414,0
29.438369,31.000000,9.823079,-0.011343,0.033270,0.350000,-0.008790,0.315730,-0.020833,1,0.496977,0
29.522272,31.000000,9.848346,-0.010522,0.031609,0.350000,-0.008790,0.315787,-0.020833,1,0.497237,0
29.605469,31.100000,9.873588,-0.009767,0.029923,0.350000,-0.008274,0.315741,-0.020833,1,0.497662,0
29.688949,31.200000,9.905124,-0.008891,0.027832,0.350000,-0.007735,0.315772,-0.020833,1,0.498038,0
29.771827,31.300000,9.930348,-0.008242,0.026135,0.350000,-0.007198,0.315733,-0.020833,1,0.498199,0
29.853742,31.400000,9.955573,-0.007638,0.024433,0.350000,-0.006640,0.315761,-0.020833,1,0.499284,0
29.937102,31.500000,9.980807,-0.007078,0.022738,0.350000,-0.006078,0.315819,-0.020833,1,0.501809,0
30.020831,31.500000,10.006051,-0.006567,0.021048,0.350000,-0.006078,0.315878,-0.020833,1,0.504260,0
30.105063,31.600000,10.031313,-0.006088,0.019384,0.350000,-0.005511,0.315935,-0.020833,1,0.510071,0
30.189914,31.700000,10.062931,-0.005514,0.017312,0.350000,-0.004953,0.315971,-0.020833,1,0.518378,0
30.273561,31.800000,10.088229,-0.005104,0.015655,0.350000,-0.004388,0.316045,0.000000,1,0.521205,0
30.355161,31.900000,10.113514,-0.004704,0.015618,0.350000,-0.004181,0.316118,0.000000,1,0.534309,0
30.436942,32.000000,10.138797,-0.004306,0.015617,0.350000,-0.004233,0.316081,0.000000,1,0.546523,0
30.520067,32.000000,10.164073,-0.003920,0.015614,0.350000,-0.004233,0.316001,0.000000,1,0.550569,0
30.603966,32.100000,10.189345,-0.003533,0.015615,0.350000,-0.004282,0.316093,0.000000,1,0.564449,0
30.687560,32.200000,10.214616,-0.003173,0.015605,0.350000,-0.004330,0.316130,0.000000,1,0.580760,0
30.772569,32.300000,10.246219,-0.002717,0.015603,0.350000,-0.004375,0.316209,0.000000,1,0.586841,0
30.854623,32.400000,10.271513,-0.002357,0.015608,0.350000,-0.004425,0.316278,0.000000,1,0.606665,0
30.939071,32.500000,10.296817,-0.001999,0.015623,0.350000,-0.004477,0.316309,0.000000,1,0.622007,0
31.020005,32.500000,10.322129,-0.001647,0.015643,0.350000,-0.004477,0.316364,0.000000,1,0.633684,0
31.106000,32.600000,10.347535,-0.001265,0.015658,0.350000,-0.004530,0.321994,0.000000,1,0.655782,0
31.188424,32.700000,10.373292,-0.000863,0.015656,0.350000,-0.004586,0.322260,0.000000,1,0.676698,0
31.273999,32.800000,10.405535,-0.000363,0.015653,0.350000,-0.004637,0.322960,0.000000,1,0.687708,0
31.356696,32.900000,10.431384,0.000043,0.015652,0.350000,-0.004690,0.323905,0.000000,1,0.709920,0
31.438804,33.000000,10.457289,0.000452,0.015652,0.350000,-0.004743,0.324476,0.000000,1,0.730918,0
31.522875,33.000000,10.483263,0.000859,0.015653,0.350000,-0.004743,0.325566,0.000000,1,0.741262,0
31.605470,33.100000,10.509294,0.001260,0.015654,0.350000,-0.004797,0.326206,-0.020833,1,0.766422,0
31.689380,33.200000,10.535350,0.001634,0.014437,0.350000,-0.004740,0.327091,-0.020833,1,0.793325,0
31.773139,33.300000,10.569819,0.002106,0.016349,0.350000,-0.004862,0.350000,0.000000,1,0.802605,0
31.853696,33.400000,10.597817,0.002529,0.016360,0.350000,-0.005161,0.350000,0.000000,1,0.835965,0
31.939092,33.500000,10.625821,0.002947,0.016378,0.350000,-0.005223,0.350000,0.000000,1,0.857219,0
32.022238,33.500000,10.653827,0.003380,0.016387,0.350000,-0.005223,0.350000,0.000000,1,0.877466,0
32.107442,33.600000,10.681830,0.003835,0.016384,0.350000,-0.005283,0.350000,0.000000,1,0.900286,0
32.190340,33.700000,10.716830,0.004408,0.016381,0.350000,-0.005341,0.350000,0.000000,1,0.931614,0
32.273598,33.800000,10.744827,0.004868,0.016379,0.350000,-0.005401,0.350000,0.000000,1,0.949682,0
32.353598,33.900000,10.772821,0.005328,0.016378,0.350000,-0.005461,0.350000,0.000000,1,0.977011,0
32.440084,34.000000,10.800811,0.005774,0.016374,0.350000,-0.005519,0.350000,0.000000,1,1.006359,0
32.523620,34.000000,10.828800,0.006228,0.016377,0.350000,-0.005519,0.350000,0.000000,1,1.023311,0
32.607040,34.100000,10.856789,0.006682,0.016381,0.350000,-0.005579,0.350000,0.000000,1,1.053147,0
32.689735,34.200000,10.884781,0.007105,0.016382,0.350000,-0.005638,0.350000,0.000000,1,1.082835,0
32.773836,34.300000,10.919780,0.007634,0.016397,0.350000,-0.005696,0.350000,0.000000,1,1.102094,0
32.857162,34.400000,10.947786,0.008051,0.016415,0.350000,-0.005758,0.350000,0.000000,1,1.131835,0
32.940497,34.500000,10.975792,0.008484,0.016424,0.350000,-0.005818,0.350000,0.000000,1,1.161095,0
33.021099,34.500000,11.003794,0.008938,0.016421,0.350000,-0.005818,0.350000,0.000000,1,1.180410,0
33.105716,34.600000,11.031793,0.009389,0.016419,0.350000,-0.005876,0.350000,0.000000,1,1.209308,0
33.190972,34.700000,11.066788,0.009967,0.016417,0.350000,-0.005935,0.350000,0.000000,1,1.238168,0
33.274692,34.800000,11.094780,0.010426,0.016415,0.350000,-0.005995,0.350000,0.000000,1,1.257200,0
33.356588,34.900000,11.122771,0.010883,0.016416,0.350000,-0.006056,0.350000,0.000000,1,1.288119,0
33.440342,35.000000,11.150760,0.011337,0.016419,0.350000,-0.006116,0.350000,0.000000,1,1.323152,0
33.524694,35.000000,11.178751,0.011792,0.016423,0.350000,-0.006116,0.350000,0.000000,1,1.342506,0
33.607717,35.100000,11.206745,0.012244,0.016429,0.350000,-0.006177,0.350000,0.000000,1,1.370633,0
33.690532,35.200000,11.234744,0.012697,0.016433,0.350000,-0.006239,0.350000,0.000000,1,1.404705,0
33.776273,35.300000,11.269747,0.013267,0.016435,0.350000,-0.006299,0.350000,0.000000,1,1.417289,0
33.939878,35.500000,11.325751,0.014177,0.016430,0.350000,-0.006417,0.350000,0.000000,1,1.482563,0
34.024069,35.500000,11.353751,0.014631,0.016427,0.350000,-0.006417,0.350000,0.000000,1,1.501350,0
34.107855,35.600000,11.381747,0.015094,0.016425,0.350000,-0.006476,0.350000,0.000000,1,1.538449,0
34.190274,35.700000,11.409739,0.015554,0.016425,0.350000,-0.006536,0.350000,0.000000,1,1.566321,0
34.274383,35.800000,11.444727,0.016124,0.016425,0.350000,-0.006597,0.350000,0.000000,1,1.584579,0
34.354869,35.900000,11.472717,0.016581,0.016428,0.350000,-0.006657,0.350000,0.000000,1,1.621528,0
34.440931,36.000000,11.500706,0.017012,0.016428,0.350000,-0.006714,0.350000,0.000000,1,1.649012,0
34.525070,36.000000,11.528701,0.017437,0.016434,0.350000,-0.006714,0.350000,0.000000,1,1.667312,0
34.608334,36.100000,11.556703,0.017860,0.016449,0.350000,-0.006773,0.350000,0.000000,1,1.703927,0
34.691610,36.200000,11.591710,0.018393,0.016467,0.350000,-0.006835,0.350000,0.000000,1,1.731475,0
34.775659,36.300000,11.619714,0.018842,0.016466,0.350000,-0.006895,0.350000,0.000000,1,1.749352,0
34.857865,36.400000,11.647714,0.019295,0.016462,0.350000,-0.006953,0.350000,0.000000,1,1.785824,0
34.941503,36.500000,11.675711,0.019755,0.016461,0.350000,-0.007013,0.350000,0.000000,1,1.822333,0
35.022828,36.500000,11.703706,0.020220,0.016459,0.350000,-0.007013,0.350000,0.000000,1,1.831797,0
35.106565,36.600000,11.731698,0.020682,0.016458,0.350000,-0.007073,0.350000,0.000000,1,1.868123,0
35.191922,36.700000,11.759687,0.021136,0.016459,0.350000,-0.007133,0.350000,0.000000,1,1.904400,0
35.277564,36.800000,11.794673,0.021691,0.016456,0.350000,-0.007194,0.350000,0.000000,1,1.922390,0
35.359222,36.900000,11.822663,0.022117,0.016455,0.350000,-0.007247,0.350000,0.000000,1,1.949368,0
35.443226,37.000000,11.850660,0.022543,0.016464,0.350000,-0.007306,0.350000,0.000000,1,1.985447,0
35.525950,37.000000,11.878664,0.022965,0.016481,0.350000,-0.007306,0.350000,0.000000,1,2.003852,0
35.608584,37.100000,11.906671,0.023384,0.016500,0.350000,-0.007368,0.350000,0.000000,1,2.039924,0
35.691576,37.200000,11.934674,0.023832,0.016500,0.350000,-0.007429,0.350000,0.000000,1,2.076066,0
35.775509,37.300000,11.969675,0.024405,0.016496,0.350000,-0.007488,0.350000,0.000000,1,2.084847,0
35.856795,37.400000,11.997672,0.024860,0.016495,0.350000,-0.007547,0.350000,0.000000,1,2.120831,0
35.939095,37.500000,12.025666,0.025326,0.016493,0.350000,-0.007607,0.350000,0.000000,1,2.156828,0
